Rk,Player,Pos,Age,Tm,G,GS,MP,FG,FGA,FG%,3P,3PA,3P%,2P,2PA,2P%,eFG%,FT,FTA,FT%,ORB,DRB,TRB,AST,STL,BLK,TOV,PF,PTS
1,Quincy Acy,PF,25,SAC,49,24,678,87,149,.584,11,29,.379,76,120,.633,.621,38,51,.745,51,94,145,20,21,18,20,87,223
2,Jordan Adams,SG,21,MEM,2,0,15,2,6,.333,0,1,.000,2,5,.400,.333,3,5,.600,0,2,2,3,3,0,2,2,7
3,Steven Adams,C,22,OKC,71,71,1757,225,367,.613,0,0,,225,367,.613,.613,100,169,.592,184,273,457,51,35,78,72,194,550
4,Arron Afflalo,SG,30,NYK,63,57,2141,331,730,.453,83,213,.390,248,517,.480,.510,103,123,.837,20,221,241,130,22,9,72,128,848
5,Alexis Ajinca,C,27,NOP,51,11,651,103,222,.464,0,1,.000,103,221,.466,.464,38,46,.826,56,147,203,23,14,27,32,111,244
6,Cole Aldrich,C,27,LAC,49,2,591,98,178,.551,0,0,,98,178,.551,.551,47,69,.681,63,142,205,39,31,52,49,113,243
7,LaMarcus Aldridge,PF,30,SAS,67,67,2041,485,949,.511,0,16,.000,485,933,.520,.511,231,269,.859,157,416,573,102,30,76,89,143,1201
8,Cliff Alexander,PF,20,POR,7,0,31,5,10,.500,0,0,,5,10,.500,.500,0,0,,2,4,6,0,1,2,1,0,10
9,Lavoy Allen,PF,26,IND,69,21,1413,161,319,.505,0,0,,161,319,.505,.505,35,57,.614,138,232,370,70,23,40,60,130,357
10,Tony Allen,SF,34,MEM,58,51,1478,189,412,.459,15,38,.395,174,374,.465,.477,80,125,.640,90,179,269,63,97,16,67,162,473
11,Al-Farouq Aminu,SF,25,POR,74,74,2110,260,641,.406,106,307,.345,154,334,.461,.488,100,137,.730,91,357,448,122,62,45,105,156,726
12,Lou Amundson,PF,33,NYK,26,0,191,19,49,.388,0,0,,19,49,.388,.388,12,25,.480,21,25,46,12,5,7,11,41,50
13,Chris Andersen,C,37,TOT,18,7,240,25,41,.610,3,8,.375,22,33,.667,.646,17,26,.654,20,41,61,8,6,9,7,17,70
14,Alan Anderson,SG,33,WAS,9,0,130,17,41,.415,11,28,.393,6,13,.462,.549,9,11,.818,1,18,19,9,2,1,2,17,54
15,James Anderson,SG,26,SAC,42,12,501,40,115,.348,16,56,.286,24,59,.407,.417,11,12,.917,10,49,59,21,13,9,26,39,107
16,Justin Anderson,SG,22,DAL,45,1,388,43,114,.377,16,57,.281,27,57,.474,.447,26,33,.788,6,66,72,14,12,14,17,26,128
17,Kyle Anderson,SF,22,SAS,69,8,1036,115,248,.464,9,30,.300,106,218,.486,.482,50,67,.746,23,169,192,95,46,28,53,81,289
18,Ryan Anderson,PF,27,NOP,66,7,2008,397,929,.427,131,358,.366,266,571,.466,.498,199,228,.873,131,265,396,73,38,25,90,109,1124
19,Giannis Antetokounmpo,SF,21,MIL,72,71,2537,457,907,.504,17,87,.195,440,820,.537,.513,264,363,.727,102,443,545,289,85,98,178,234,1195
20,Thanasis Antetokounmpo,SF,23,NYK,2,0,6,3,4,.750,0,1,.000,3,3,1.000,.750,0,0,,0,1,1,0,0,0,0,2,6
Rk,Player,Pos,Age,Tm,G,GS,MP,FG,FGA,FG%,3P,3PA,3P%,2P,2PA,2P%,eFG%,FT,FTA,FT%,ORB,DRB,TRB,AST,STL,BLK,TOV,PF,PTS
21,Carmelo Anthony,SF,31,NYK,66,66,2347,521,1200,.434,96,278,.345,425,922,.461,.474,313,380,.824,93,430,523,276,57,33,161,164,1451
22,Joel Anthony,C,33,DET,17,0,67,3,7,.429,0,0,,3,7,.429,.429,5,6,.833,7,9,16,1,2,4,2,13,11
23,Keith Appling,PG,23,ORL,5,0,27,2,8,.250,0,3,.000,2,5,.400,.250,2,2,1.000,0,1,1,1,1,0,3,5,6
24,Trevor Ariza,SF,30,HOU,72,72,2532,309,759,.407,163,443,.368,146,316,.462,.514,108,140,.771,59,268,327,164,148,22,102,160,889
25,Darrell Arthur,PF,27,DEN,65,15,1411,199,436,.456,37,97,.381,162,339,.478,.499,36,48,.750,74,187,261,91,52,44,58,169,471
26,Omer Asik,C,29,NOP,59,55,1024,86,164,.524,0,0,,86,164,.524,.524,52,96,.542,108,258,366,22,17,23,48,111,224
27,D.J. Augustin,PG,28,TOT,53,0,987,124,291,.426,60,139,.432,64,152,.421,.529,83,104,.798,7,75,82,159,31,3,65,76,391
28,Jeff Ayres,C,28,LAC,7,0,18,3,3,1.000,0,0,,3,3,1.000,1.000,2,2,1.000,2,3,5,2,0,3,1,2,8
29,Luke Babbitt,SF,26,NOP,38,8,574,71,173,.410,30,80,.375,41,93,.441,.497,17,24,.708,16,82,98,25,7,5,12,65,189
30,Cameron Bairstow,C,25,CHI,18,2,103,13,40,.325,1,5,.200,12,35,.343,.338,7,8,.875,4,24,28,6,2,3,4,19,34
31,Leandro Barbosa,SG,33,GSW,59,0,920,151,326,.463,33,98,.337,118,228,.518,.514,50,60,.833,22,70,92,77,38,9,45,93,385
32,J.J. Barea,PG,31,DAL,66,10,1441,258,591,.437,83,217,.382,175,374,.468,.507,64,82,.780,23,103,126,259,20,2,97,100,663
33,Andrea Bargnani,C,30,BRK,46,0,634,127,279,.455,3,16,.188,124,263,.471,.461,47,57,.825,28,69,97,18,4,9,26,61,304
34,Harrison Barnes,SF,23,GSW,56,49,1702,239,526,.454,63,167,.377,176,359,.490,.514,91,118,.771,68,198,266,104,38,10,48,116,632
35,Matt Barnes,SF,35,MEM,67,36,1880,229,591,.387,104,315,.330,125,276,.453,.475,89,112,.795,70,281,351,138,70,56,102,208,651
36,Will Barton,SG,25,DEN,73,1,2085,391,887,.441,99,279,.355,292,608,.480,.497,191,235,.813,57,383,440,177,62,32,129,132,1072
37,Brandon Bass,PF,30,LAL,63,0,1287,170,307,.554,0,2,.000,170,305,.557,.554,123,145,.848,98,175,273,70,33,55,41,120,463
38,Nicolas Batum,SG,27,CHO,64,64,2279,342,806,.424,133,374,.356,209,432,.484,.507,156,184,.848,50,349,399,364,61,42,191,106,973
39,Jerryd Bayless,SG,27,MIL,51,17,1493,184,433,.425,101,230,.439,83,203,.409,.542,70,90,.778,21,119,140,162,46,11,72,111,539
40,Aron Baynes,C,29,DET,73,0,1088,177,347,.510,0,2,.000,177,345,.513,.510,104,141,.738,128,216,344,50,20,50,60,138,458
Rk,Player,Pos,Age,Tm,G,GS,MP,FG,FGA,FG%,3P,3PA,3P%,2P,2PA,2P%,eFG%,FT,FTA,FT%,ORB,DRB,TRB,AST,STL,BLK,TOV,PF,PTS
41,Kent Bazemore,SF,26,ATL,68,61,1885,289,652,.443,98,273,.359,191,379,.504,.518,110,132,.833,24,308,332,147,82,30,121,152,786
42,Bradley Beal,SG,22,WAS,47,27,1459,312,688,.453,92,231,.398,220,457,.481,.520,115,149,.772,31,127,158,134,46,10,93,103,831
43,Michael Beasley,SF,27,HOU,11,0,208,68,122,.557,3,6,.500,65,116,.560,.570,20,27,.741,14,39,53,5,7,7,16,25,159
44,Marco Belinelli,SG,29,SAC,68,7,1672,245,635,.386,91,297,.306,154,338,.456,.457,115,138,.833,10,107,117,127,37,2,80,91,696
45,Anthony Bennett,PF,22,TOR,19,0,84,8,27,.296,3,14,.214,5,13,.385,.352,9,10,.900,6,17,23,0,5,0,4,8,28
46,Patrick Beverley,PG,27,HOU,62,54,1760,216,508,.425,109,269,.405,107,239,.448,.532,52,77,.675,60,151,211,187,82,23,83,203,593
47,Bismack Biyombo,C,23,TOR,72,22,1637,138,254,.543,0,1,.000,138,253,.545,.543,126,198,.636,164,431,595,26,17,122,67,204,402
48,Nemanja Bjelica,PF,27,MIN,51,0,868,80,187,.428,35,103,.340,45,84,.536,.521,27,40,.675,35,124,159,64,21,16,37,128,222
49,Tarik Black,C,24,LAL,30,0,345,39,71,.549,0,0,,39,71,.549,.549,12,31,.387,30,86,116,13,10,13,18,58,90
50,DeJuan Blair,C,26,WAS,29,0,218,28,68,.412,0,1,.000,28,67,.418,.412,5,13,.385,20,37,57,11,8,2,15,53,61
51,Steve Blake,PG,35,DET,50,0,836,77,202,.381,42,125,.336,35,77,.455,.485,12,16,.750,9,64,73,165,20,4,74,65,208
52,Eric Bledsoe,PG,26,PHO,31,31,1059,223,492,.453,48,129,.372,175,363,.482,.502,138,172,.802,18,107,125,190,63,19,110,75,632
53,Bojan Bogdanovic,SF,26,BRK,71,31,1913,289,653,.443,116,301,.385,173,352,.491,.531,97,117,.829,35,197,232,90,26,4,102,109,791
54,Andrew Bogut,C,31,GSW,62,58,1289,158,254,.622,1,1,1.000,157,253,.621,.624,24,50,.480,111,327,438,144,30,106,70,195,341
55,Matt Bonner,C,35,SAS,24,1,144,22,41,.537,12,24,.500,10,17,.588,.683,3,4,.750,3,19,22,8,5,0,3,8,59
56,Devin Booker,SG,19,PHO,67,42,1788,303,707,.429,84,241,.349,219,466,.470,.488,183,218,.839,23,136,159,167,37,13,124,193,873
57,Trevor Booker,PF,28,UTA,70,2,1463,165,345,.478,9,36,.250,156,309,.505,.491,61,89,.685,154,261,415,73,56,34,75,152,400
58,Chris Bosh,PF,31,MIA,53,53,1778,358,767,.467,81,222,.365,277,545,.508,.520,213,268,.795,48,342,390,128,36,34,78,101,1010
59,Avery Bradley,SG,25,BOS,68,64,2287,406,912,.445,134,373,.359,272,539,.505,.519,83,103,.806,41,150,191,142,103,16,101,146,1029
60,Elton Brand,PF,36,PHI,10,0,101,15,36,.417,0,0,,15,36,.417,.417,4,5,.800,1,18,19,9,6,4,4,18,34
Rk,Player,Pos,Age,Tm,G,GS,MP,FG,FGA,FG%,3P,3PA,3P%,2P,2PA,2P%,eFG%,FT,FTA,FT%,ORB,DRB,TRB,AST,STL,BLK,TOV,PF,PTS
61,Corey Brewer,SF,29,HOU,73,12,1527,198,500,.396,61,207,.295,137,293,.468,.457,97,129,.752,35,144,179,103,79,17,72,155,554
62,Aaron Brooks,PG,31,CHI,60,0,962,162,421,.385,57,167,.341,105,254,.413,.452,45,60,.750,18,76,94,155,25,9,70,116,426
63,Anthony Brown,SF,23,LAL,29,11,599,39,126,.310,20,70,.286,19,56,.339,.389,17,20,.850,9,61,70,19,14,5,15,34,115
64,Lorenzo Brown,PG,25,PHO,8,0,61,8,25,.320,1,8,.125,7,17,.412,.340,3,4,.750,0,7,7,11,3,1,9,4,20
65,Markel Brown,SG,24,BRK,52,6,739,86,226,.381,30,92,.326,56,134,.418,.447,57,72,.792,16,67,83,66,26,7,37,73,259
66,Kobe Bryant,SF,37,LAL,56,56,1611,331,922,.359,109,385,.283,222,537,.413,.418,187,232,.806,38,187,225,169,49,12,113,105,958
67,Chase Budinger,SF,27,TOT,58,2,836,94,221,.425,22,79,.278,72,142,.507,.475,36,50,.720,39,101,140,56,30,9,36,58,246
68,Reggie Bullock,SF,24,DET,32,0,327,31,75,.413,16,40,.400,15,35,.429,.520,12,13,.923,12,39,51,15,8,1,6,23,90
69,Trey Burke,PG,23,UTA,63,0,1356,261,629,.415,87,253,.344,174,376,.463,.484,67,82,.817,18,94,112,146,35,6,80,86,676
70,Alec Burks,SG,24,UTA,28,3,760,133,325,.409,29,75,.387,104,250,.416,.454,106,141,.752,16,84,100,59,16,4,49,69,401
71,Caron Butler,SF,35,SAC,14,1,147,21,48,.438,2,16,.125,19,32,.594,.458,10,12,.833,5,15,20,9,9,0,2,17,54
72,Jimmy Butler,SG,26,CHI,57,57,2118,403,894,.451,55,173,.318,348,721,.483,.482,351,427,.822,59,235,294,253,98,36,108,106,1212
73,Rasual Butler,SF,36,SAS,46,0,432,49,104,.471,15,49,.306,34,55,.618,.543,11,16,.688,3,53,56,24,13,23,8,11,124
74,Bruno Caboclo,SF,20,TOR,5,0,8,0,3,.000,0,0,,0,3,.000,.000,0,0,,0,1,1,0,1,0,1,0,0
75,Jose Calderon,PG,34,NYK,70,70,1984,205,446,.460,81,197,.411,124,249,.498,.550,42,48,.875,21,199,220,292,61,7,84,130,533
76,Kentavious Caldwell-Pope,SG,22,DET,69,69,2532,372,881,.422,103,338,.305,269,543,.495,.481,171,210,.814,62,195,257,130,102,17,95,152,1018
77,Isaiah Canaan,PG,24,PHI,72,34,1824,240,667,.360,161,446,.361,79,221,.357,.481,136,163,.834,20,143,163,129,53,10,88,124,777
78,Clint Capela,C,21,HOU,68,35,1312,201,348,.578,0,1,.000,201,347,.579,.578,75,197,.381,170,258,428,42,49,79,56,167,477
79,DeMarre Carroll,SF,29,TOR,23,22,735,99,255,.388,42,111,.378,57,144,.396,.471,28,48,.583,28,82,110,24,38,5,27,57,268
80,Vince Carter,SG,39,MEM,51,0,807,99,265,.374,45,144,.313,54,121,.446,.458,56,65,.862,22,95,117,42,33,15,32,84,299
Rk,Player,Pos,Age,Tm,G,GS,MP,FG,FGA,FG%,3P,3PA,3P%,2P,2PA,2P%,eFG%,FT,FTA,FT%,ORB,DRB,TRB,AST,STL,BLK,TOV,PF,PTS
81,Michael Carter-Williams,PG,24,MIL,54,37,1649,251,555,.452,15,55,.273,236,500,.472,.466,106,162,.654,48,228,276,281,80,41,153,162,623
82,Omri Casspi,SF,27,SAC,65,20,1793,283,593,.477,108,268,.403,175,325,.538,.568,94,143,.657,56,336,392,85,55,16,89,146,768
83,Willie Cauley-Stein,C,22,SAC,56,32,1108,150,256,.586,0,2,.000,150,254,.591,.586,60,96,.625,106,177,283,21,34,56,35,118,360
84,Mario Chalmers,PG,29,TOT,61,7,1373,182,444,.410,46,149,.309,136,295,.461,.462,218,262,.832,24,133,157,230,88,13,111,181,628
85,Tyson Chandler,C,33,PHO,59,53,1399,147,264,.557,0,1,.000,147,263,.559,.557,87,142,.613,151,348,499,52,32,37,82,126,381
86,Ian Clark,SG,24,GSW,58,1,509,84,188,.447,29,77,.377,55,111,.495,.524,26,31,.839,13,49,62,60,14,11,40,53,223
87,Coty Clarke,SF,23,BOS,3,0,6,2,4,.500,2,2,1.000,0,2,.000,.750,0,0,,0,1,1,0,0,0,1,0,6
88,Jordan Clarkson,SG,23,LAL,69,69,2214,418,954,.438,94,262,.359,324,692,.468,.487,145,180,.806,82,185,267,173,76,7,118,150,1075
89,Norris Cole,PG,27,NOP,45,23,1198,196,484,.405,33,102,.324,163,382,.427,.439,52,65,.800,10,141,151,167,37,5,75,102,477
90,Darren Collison,PG,28,SAC,67,11,1982,331,690,.480,79,199,.397,252,491,.513,.537,168,199,.844,26,122,148,273,70,3,115,127,909
91,Nick Collison,PF,35,OKC,54,3,636,45,101,.446,0,2,.000,45,99,.455,.446,22,31,.710,64,91,155,42,13,14,44,100,112
92,Mike Conley,PG,28,MEM,56,56,1760,294,696,.422,78,215,.363,216,481,.449,.478,191,229,.834,26,138,164,342,67,16,84,100,857
93,Pat Connaughton,SG,23,POR,29,0,105,12,40,.300,4,16,.250,8,24,.333,.350,5,5,1.000,8,15,23,9,2,0,8,4,33
94,Chris Copeland,PF,31,MIL,24,1,156,17,51,.333,10,36,.278,7,15,.467,.431,6,7,.857,1,9,10,11,2,0,6,17,50
95,Bryce Cotton,PG,23,PHO,3,0,33,2,8,.250,0,3,.000,2,5,.400,.250,0,0,,0,0,0,3,3,0,5,2,4
96,DeMarcus Cousins,C,25,SAC,61,61,2115,565,1257,.449,68,201,.338,497,1056,.471,.477,456,629,.725,152,557,709,201,90,84,233,223,1654
97,Robert Covington,SF,25,PHI,58,42,1595,224,580,.386,130,381,.341,94,199,.472,.498,119,150,.793,53,296,349,81,90,37,132,198,697
98,Allen Crabbe,SG,23,POR,73,8,1904,281,618,.455,97,257,.377,184,361,.510,.533,83,96,.865,25,170,195,89,58,13,58,178,742
99,Jamal Crawford,SG,35,LAC,71,3,1900,334,842,.397,95,293,.324,239,549,.435,.453,211,232,.909,16,113,129,158,44,10,98,112,974
100,Jae Crowder,SF,25,BOS,66,66,2103,331,736,.450,113,325,.348,218,411,.530,.526,174,211,.825,61,277,338,124,117,32,78,177,949
Rk,Player,Pos,Age,Tm,G,GS,MP,FG,FGA,FG%,3P,3PA,3P%,2P,2PA,2P%,eFG%,FT,FTA,FT%,ORB,DRB,TRB,AST,STL,BLK,TOV,PF,PTS
101,Dante Cunningham,SF,28,NOP,70,36,1627,141,320,.441,45,146,.308,96,174,.552,.511,36,52,.692,52,157,209,54,38,31,30,148,363
102,Jared Cunningham,SG,24,TOT,44,3,410,36,105,.343,12,39,.308,24,66,.364,.400,36,55,.655,3,35,38,20,14,2,21,41,120
103,Seth Curry,PG,25,SAC,34,1,391,48,110,.436,21,52,.404,27,58,.466,.532,27,34,.794,6,28,34,26,13,3,17,24,144
104,Stephen Curry,PG,27,GSW,69,69,2341,703,1387,.507,348,769,.453,355,618,.574,.632,328,363,.904,61,312,373,452,145,14,221,137,2082
105,Troy Daniels,SG,24,CHO,38,0,384,71,154,.461,46,97,.474,25,57,.439,.610,5,9,.556,7,41,48,16,8,3,18,31,193
106,Anthony Davis,PF,22,NOP,61,61,2164,560,1136,.493,35,108,.324,525,1028,.511,.508,326,430,.758,130,497,627,116,78,125,121,148,1481
107,Ed Davis,PF,26,POR,73,0,1522,185,302,.613,0,0,,185,302,.613,.613,110,196,.561,200,336,536,79,51,62,54,177,480
108,Branden Dawson,PF,22,LAC,3,0,14,1,3,.333,0,0,,1,3,.333,.333,0,0,,2,1,3,0,0,1,0,2,2
109,Dewayne Dedmon,C,26,ORL,50,14,603,75,145,.517,0,0,,75,145,.517,.517,45,59,.763,57,136,193,12,19,37,25,92,195
110,Bryce Dejean-Jones,SG,23,NOP,14,11,279,28,69,.406,12,32,.375,16,37,.432,.493,11,21,.524,8,40,48,15,10,2,11,17,79
111,Sam Dekker,SF,21,HOU,3,0,6,0,0,,0,0,,0,0,,,0,0,,0,1,1,0,1,0,0,0,0
112,Matthew Dellavedova,SG,25,CLE,67,12,1695,191,461,.414,94,219,.429,97,242,.401,.516,52,61,.852,28,115,143,298,42,7,107,156,528
113,Luol Deng,SF,30,MIA,64,63,2045,282,632,.446,75,220,.341,207,412,.502,.506,132,172,.767,88,283,371,113,65,24,66,104,771
114,DeMar DeRozan,SG,26,TOR,71,71,2570,559,1252,.446,42,128,.328,517,1124,.460,.463,519,614,.845,57,258,315,280,74,21,164,158,1679
115,Boris Diaw,PF,33,SAS,72,4,1318,190,361,.526,25,67,.373,165,294,.561,.561,52,70,.743,54,168,222,166,26,20,85,95,457
116,Gorgui Dieng,C,26,MIN,73,30,1999,273,513,.532,4,17,.235,269,496,.542,.536,183,221,.828,139,387,526,132,86,87,130,201,733
117,Spencer Dinwiddie,PG,22,DET,9,0,111,14,35,.400,1,7,.143,13,28,.464,.414,11,19,.579,0,9,9,13,2,0,5,16,40
118,Toney Douglas,PG,29,NOP,51,9,940,128,328,.390,60,155,.387,68,173,.393,.482,53,67,.791,17,84,101,115,59,5,46,111,369
119,Goran Dragic,SG,29,MIA,63,63,2071,354,745,.475,57,182,.313,297,563,.528,.513,103,146,.705,39,197,236,371,63,12,160,160,868
120,Andre Drummond,C,22,DET,74,74,2447,519,982,.529,2,6,.333,517,976,.530,.530,196,543,.361,364,738,1102,60,108,105,144,229,1236
Rk,Player,Pos,Age,Tm,G,GS,MP,FG,FGA,FG%,3P,3PA,3P%,2P,2PA,2P%,eFG%,FT,FTA,FT%,ORB,DRB,TRB,AST,STL,BLK,TOV,PF,PTS
121,Jared Dudley,PF,30,WAS,71,39,1916,212,445,.476,96,225,.427,116,220,.527,.584,64,89,.719,47,207,254,147,64,15,72,167,584
122,Tim Duncan,C,39,SAS,55,54,1370,194,386,.503,0,2,.000,194,384,.505,.503,81,114,.711,102,304,406,154,46,68,83,119,469
123,Mike Dunleavy,SF,35,CHI,22,21,526,62,148,.419,33,79,.418,29,69,.420,.530,20,23,.870,8,60,68,34,9,5,22,48,177
124,Kevin Durant,SF,27,OKC,66,66,2366,637,1249,.510,166,423,.392,471,826,.570,.576,400,448,.893,40,509,549,327,61,81,230,125,1840
125,Cleanthony Early,SF,24,NYK,11,0,34,3,6,.500,1,4,.250,2,2,1.000,.583,0,0,,0,2,2,1,1,1,1,3,7
126,Jarell Eddie,SF,24,WAS,21,0,98,13,42,.310,12,34,.353,1,8,.125,.452,4,4,1.000,1,13,14,2,2,1,1,4,42
127,Wayne Ellington,SG,28,BRK,67,33,1402,191,475,.402,80,221,.362,111,254,.437,.486,49,58,.845,16,136,152,67,42,3,37,72,511
128,Monta Ellis,SG,30,IND,72,72,2478,394,922,.427,80,254,.315,314,668,.470,.471,146,186,.785,33,206,239,345,136,34,188,158,1014
129,James Ennis,SF-PF,25,TOT,13,0,47,4,13,.308,2,8,.250,2,5,.400,.385,6,10,.600,4,3,7,3,4,2,2,2,16
130,Tyler Ennis,PG,21,MIL,38,5,418,58,135,.430,10,29,.345,48,106,.453,.467,16,23,.696,7,41,48,62,14,1,26,42,142
131,Jeremy Evans,SF,28,DAL,30,2,251,26,48,.542,4,16,.250,22,32,.688,.583,15,21,.714,11,43,54,2,6,9,7,19,71
132,Tyreke Evans,PG,26,NOP,25,25,765,136,314,.433,33,85,.388,103,229,.450,.486,74,93,.796,20,109,129,164,32,8,73,66,379
133,Festus Ezeli,C,26,GSW,40,11,710,117,210,.557,0,0,,117,210,.557,.557,66,124,.532,83,151,234,31,17,49,36,92,300
134,Kenneth Faried,PF,26,DEN,61,59,1565,332,578,.574,0,1,.000,332,577,.575,.574,122,203,.601,216,320,536,71,28,54,81,154,786
135,Jordan Farmar,PG,29,MEM,3,1,77,10,24,.417,5,12,.417,5,12,.417,.521,6,6,1.000,0,6,6,11,6,0,5,6,31
136,Derrick Favors,PF,24,UTA,56,54,1818,384,751,.511,0,2,.000,384,749,.513,.511,172,240,.717,160,307,467,89,66,85,96,140,940
137,Cristiano Felicio,C,23,CHI,22,2,163,15,31,.484,0,2,.000,15,29,.517,.484,7,12,.583,12,40,52,15,5,5,5,13,37
138,Raymond Felton,PG,31,DAL,71,28,1929,241,588,.410,53,183,.290,188,405,.464,.455,122,143,.853,31,193,224,245,60,12,100,118,657
139,Evan Fournier,SF,23,ORL,70,62,2254,365,806,.453,137,343,.399,228,463,.492,.538,167,203,.823,29,171,200,183,87,2,109,188,1034
140,Randy Foye,SG,32,TOT,72,7,1463,150,428,.350,68,229,.297,82,199,.412,.430,51,62,.823,23,120,143,144,35,23,74,117,419
Rk,Player,Pos,Age,Tm,G,GS,MP,FG,FGA,FG%,3P,3PA,3P%,2P,2PA,2P%,eFG%,FT,FTA,FT%,ORB,DRB,TRB,AST,STL,BLK,TOV,PF,PTS
141,Tim Frazier,PG,25,TOT,41,1,431,50,114,.439,7,25,.280,43,89,.483,.469,29,38,.763,16,46,62,72,15,1,45,45,136
142,Jimmer Fredette,SG,26,TOT,6,0,18,2,5,.400,1,2,.500,1,3,.333,.500,4,5,.800,0,0,0,1,1,0,2,2,9
143,Channing Frye,C,32,TOT,61,31,1023,127,283,.449,78,194,.402,49,89,.551,.587,24,28,.857,30,169,199,63,26,26,36,110,356
144,Danilo Gallinari,SF,27,DEN,53,53,1839,287,700,.410,87,239,.364,200,461,.434,.472,375,432,.868,51,230,281,135,42,19,77,87,1036
145,Langston Galloway,PG,24,NYK,74,7,1815,206,513,.402,70,196,.357,136,317,.429,.470,77,101,.762,39,225,264,172,61,20,53,162,559
146,Kevin Garnett,PF,39,MIN,38,38,556,54,115,.470,0,1,.000,54,114,.474,.470,14,21,.667,15,135,150,62,28,10,16,70,122
147,Marc Gasol,C,31,MEM,52,52,1791,328,707,.464,2,3,.667,326,704,.463,.465,203,245,.829,58,304,362,196,50,70,118,141,861
148,Pau Gasol,C,35,CHI,64,64,2032,417,889,.469,21,56,.375,396,833,.475,.481,210,261,.805,140,564,704,263,37,126,139,128,1065
149,Rudy Gay,SF,29,SAC,63,63,2137,421,897,.469,70,193,.363,351,704,.499,.508,171,218,.784,89,312,401,108,85,43,122,167,1083
150,Alonzo Gee,SF,28,NOP,72,38,1612,128,247,.518,17,61,.279,111,186,.597,.553,43,62,.694,59,184,243,71,61,13,52,168,316
151,Paul George,PF,25,IND,72,72,2538,542,1313,.413,191,513,.372,351,800,.439,.486,410,480,.854,70,430,500,296,135,25,242,213,1685
152,Taj Gibson,PF,30,CHI,71,53,1894,259,489,.530,0,3,.000,259,486,.533,.530,100,144,.694,201,288,489,105,47,73,78,178,618
153,Manu Ginobili,SG,38,SAS,53,0,1030,179,397,.451,61,163,.374,118,234,.504,.528,83,103,.806,24,114,138,164,57,9,91,90,502
154,Rudy Gobert,C,23,UTA,53,52,1699,173,311,.556,0,0,,173,311,.556,.556,141,242,.583,177,398,575,79,41,117,103,145,487
155,Drew Gooden,PF,34,WAS,28,0,297,31,98,.316,7,39,.179,24,59,.407,.352,8,12,.667,28,57,85,13,7,10,13,37,77
156,Archie Goodwin,SG,21,PHO,50,13,991,150,366,.410,18,81,.222,132,285,.463,.434,120,174,.690,24,106,130,99,20,10,84,71,438
157,Aaron Gordon,PF,20,ORL,72,32,1699,240,511,.470,38,125,.304,202,386,.523,.507,119,178,.669,143,328,471,117,53,51,62,143,637
158,Eric Gordon,SG,27,NOP,45,44,1481,231,552,.418,113,294,.384,118,258,.457,.521,111,125,.888,10,89,99,121,43,14,73,98,686
159,Marcin Gortat,C,31,WAS,66,65,2003,382,680,.562,0,1,.000,382,679,.563,.562,129,182,.709,199,456,655,95,43,86,111,170,893
160,Andrew Goudelock,PG,27,HOU,2,0,21,6,9,.667,1,3,.333,5,6,.833,.722,0,0,,0,0,0,2,2,1,0,2,13
Rk,Player,Pos,Age,Tm,G,GS,MP,FG,FGA,FG%,3P,3PA,3P%,2P,2PA,2P%,eFG%,FT,FTA,FT%,ORB,DRB,TRB,AST,STL,BLK,TOV,PF,PTS
161,Jerami Grant,SF,21,PHI,69,44,1854,217,519,.418,26,124,.210,191,395,.484,.443,185,275,.673,88,242,330,120,48,116,101,196,645
162,Jerian Grant,PG,23,NYK,68,0,1047,119,315,.378,15,77,.195,104,238,.437,.402,80,99,.808,19,100,119,149,39,8,74,82,333
163,Danny Green,SG,28,SAS,71,71,1862,189,505,.374,104,312,.333,85,193,.440,.477,34,45,.756,44,228,272,131,67,57,70,122,516
164,Draymond Green,PF,25,GSW,71,71,2450,346,716,.483,84,221,.380,262,495,.529,.542,201,292,.688,117,562,679,524,104,93,224,211,977
165,Erick Green,PG,24,TOT,9,0,42,5,13,.385,1,5,.200,4,8,.500,.423,2,2,1.000,3,3,6,3,1,0,0,4,13
166,Gerald Green,SG,30,MIA,61,12,1430,203,530,.383,74,235,.315,129,295,.437,.453,65,84,.774,22,129,151,53,30,19,46,108,545
167,JaMychal Green,PF,25,MEM,69,14,1231,194,409,.474,14,41,.341,180,368,.489,.491,88,114,.772,108,201,309,51,38,28,73,167,490
168,Jeff Green,SF,29,TOT,69,41,1968,300,699,.429,60,186,.323,240,513,.468,.472,145,188,.771,65,231,296,124,49,33,83,146,805
169,Blake Griffin,PF,26,LAC,30,30,1048,281,553,.508,6,17,.353,275,536,.513,.514,129,178,.725,49,211,260,149,21,17,71,85,697
170,Jorge Gutierrez,PG,27,CHO,7,0,27,3,4,.750,0,0,,3,4,.750,.750,6,7,.857,0,2,2,8,3,0,3,2,12
171,P.J. Hairston,SF,23,TOT,62,52,1251,138,385,.358,67,227,.295,71,158,.449,.445,47,61,.770,25,139,164,37,30,11,39,135,390
172,Jordan Hamilton,G-F,25,NOP,1,0,24,5,10,.500,0,0,,5,10,.500,.500,1,2,.500,1,3,4,3,0,0,0,2,11
173,Tyler Hansbrough,PF,30,CHO,39,0,320,29,66,.439,2,3,.667,27,63,.429,.455,32,57,.561,40,46,86,7,12,7,11,52,92
174,Tim Hardaway,SG,23,ATL,43,1,723,92,214,.430,38,114,.333,54,100,.540,.519,42,48,.875,7,68,75,42,20,5,18,42,264
175,James Harden,SG,26,HOU,73,73,2761,614,1419,.433,197,573,.344,417,846,.493,.502,657,757,.868,57,407,464,545,127,46,339,211,2082
176,Maurice Harkless,SF,22,POR,70,6,1240,160,336,.476,31,118,.263,129,218,.592,.522,55,93,.591,77,151,228,57,39,27,56,104,406
177,Justin Harper,PF,26,DET,5,0,35,4,10,.400,4,9,.444,0,1,.000,.600,1,2,.500,0,1,1,0,1,0,2,3,13
178,Montrezl Harrell,PF,22,HOU,38,1,371,56,85,.659,0,1,.000,56,84,.667,.659,24,46,.522,25,39,64,17,11,10,17,47,136
179,Devin Harris,PG,32,DAL,55,0,1056,138,301,.458,37,115,.322,101,186,.543,.520,81,115,.704,16,99,115,102,49,12,54,107,394
180,Gary Harris,SG,21,DEN,67,67,2160,317,677,.468,88,256,.344,229,421,.544,.533,94,116,.810,52,148,200,123,89,15,91,128,816
Rk,Player,Pos,Age,Tm,G,GS,MP,FG,FGA,FG%,3P,3PA,3P%,2P,2PA,2P%,eFG%,FT,FTA,FT%,ORB,DRB,TRB,AST,STL,BLK,TOV,PF,PTS
181,Joe Harris,SG,24,CLE,5,0,15,1,4,.250,1,4,.250,0,0,,.375,0,0,,0,3,3,2,0,0,1,1,3
182,Tobias Harris,PF,23,TOT,69,67,2268,374,799,.468,71,219,.324,303,580,.522,.513,178,217,.820,91,374,465,155,59,35,102,136,997
183,Aaron Harrison,SG,21,CHO,18,0,74,3,15,.200,2,8,.250,1,7,.143,.267,4,10,.400,4,6,10,1,4,0,3,7,12
184,Udonis Haslem,PF,35,MIA,31,0,226,18,49,.367,1,8,.125,17,41,.415,.378,10,11,.909,10,52,62,14,5,2,5,19,47
185,Spencer Hawes,PF,27,CHO,50,6,934,109,273,.399,33,94,.351,76,179,.425,.460,47,56,.839,41,176,217,98,21,22,52,100,298
186,Chuck Hayes,C,32,HOU,2,0,24,1,2,.500,0,0,,1,2,.500,.500,2,2,1.000,0,8,8,2,0,0,3,6,4
187,Gordon Hayward,SF,25,UTA,71,71,2564,458,1061,.432,129,360,.358,329,701,.469,.492,356,427,.834,53,293,346,263,84,22,180,160,1401
188,Gerald Henderson,SG,28,POR,65,0,1269,203,465,.437,45,125,.360,158,340,.465,.485,97,127,.764,26,167,193,64,32,19,56,72,548
189,John Henson,C,25,MIL,49,1,831,147,246,.598,0,0,,147,246,.598,.598,56,99,.566,78,113,191,46,16,98,56,111,350
190,Mario Hezonja,SF,20,ORL,70,6,1178,150,356,.421,55,163,.337,95,193,.492,.499,41,45,.911,26,124,150,84,27,13,83,105,396
191,Roy Hibbert,C,29,LAL,71,71,1657,166,365,.455,0,2,.000,166,363,.457,.455,107,135,.793,114,234,348,87,27,95,69,223,439
192,J.J. Hickson,C,27,TOT,28,9,358,63,125,.504,0,1,.000,63,124,.508,.504,36,75,.480,28,73,101,20,13,12,20,41,162
193,Nene Hilario,PF,33,WAS,48,9,906,165,309,.534,0,2,.000,165,307,.537,.534,87,152,.572,39,170,209,79,47,21,55,129,417
194,George Hill,PG,29,IND,65,64,2260,291,665,.438,114,281,.406,177,384,.461,.523,108,141,.766,54,214,268,235,77,15,93,131,804
195,Jordan Hill,PF,28,IND,68,11,1448,267,524,.510,0,1,.000,267,523,.511,.510,87,123,.707,149,282,431,83,35,35,89,151,621
196,Solomon Hill,SF,24,IND,49,2,617,57,136,.419,11,44,.250,46,92,.500,.460,28,31,.903,31,82,113,41,23,10,18,53,153
197,Darrun Hilliard,SF,22,DET,35,1,342,48,117,.410,17,45,.378,31,72,.431,.483,27,38,.711,5,32,37,24,8,0,16,26,140
198,Kirk Hinrich,SG-PG,35,TOT,42,7,606,48,127,.378,23,61,.377,25,66,.379,.469,15,16,.938,8,59,67,70,15,2,30,64,134
199,Jrue Holiday,PG,25,NOP,64,22,1797,401,916,.438,85,254,.335,316,662,.477,.484,180,214,.841,26,163,189,385,84,22,165,148,1067
200,Justin Holiday,SG,26,TOT,43,3,565,59,165,.358,24,80,.300,35,85,.412,.430,11,17,.647,10,57,67,34,23,14,29,48,153
Rk,Player,Pos,Age,Tm,G,GS,MP,FG,FGA,FG%,3P,3PA,3P%,2P,2PA,2P%,eFG%,FT,FTA,FT%,ORB,DRB,TRB,AST,STL,BLK,TOV,PF,PTS
201,Ryan Hollins,C,31,TOT,33,12,433,46,76,.605,0,0,,46,76,.605,.605,24,36,.667,45,48,93,9,5,19,23,60,116
202,Rondae Hollis-Jefferson,SF,21,BRK,22,14,467,48,96,.500,1,6,.167,47,90,.522,.505,23,34,.676,34,95,129,32,32,8,23,48,120
203,Richaun Holmes,PF,22,PHI,51,1,702,114,222,.514,8,44,.182,106,178,.596,.532,51,74,.689,62,73,135,33,19,40,32,92,287
204,Rodney Hood,SG,23,UTA,70,70,2230,354,848,.417,136,386,.352,218,462,.472,.498,161,185,.870,32,198,230,190,63,13,113,189,1005
205,Al Horford,C,29,ATL,74,74,2370,483,944,.512,80,226,.354,403,718,.561,.554,90,112,.804,135,390,525,235,61,115,96,142,1136
206,Dwight Howard,C,30,HOU,62,62,2021,330,538,.613,0,4,.000,330,534,.618,.613,217,434,.500,215,524,739,88,64,96,151,202,877
207,Marcelo Huertas,PG,32,LAL,43,0,626,70,157,.446,13,49,.265,57,108,.528,.487,20,21,.952,14,56,70,137,20,7,58,56,173
208,Josh Huestis,SF,24,OKC,1,0,5,1,1,1.000,1,1,1.000,0,0,,1.500,0,2,.000,0,0,0,0,0,0,1,1,3
209,Kris Humphries,PF,30,TOT,45,17,749,112,271,.413,31,98,.316,81,173,.468,.470,58,71,.817,54,146,200,31,12,22,32,84,313
210,R.J. Hunter,SG,22,BOS,31,0,286,30,88,.341,16,58,.276,14,30,.467,.432,5,6,.833,2,31,33,12,13,4,10,29,81
211,Serge Ibaka,PF,26,OKC,72,72,2325,387,803,.482,53,157,.338,334,646,.517,.515,83,111,.748,129,360,489,59,36,142,104,197,910
212,Andre Iguodala,SG,32,GSW,60,1,1608,168,347,.484,52,146,.356,116,201,.577,.559,50,81,.617,49,195,244,206,69,18,72,97,438
213,Ersan Ilyasova,PF,28,TOT,70,52,1783,265,631,.420,93,251,.371,172,380,.453,.494,111,154,.721,137,245,382,66,51,30,67,165,734
214,Joe Ingles,SF,28,UTA,72,2,1063,106,254,.417,65,176,.369,41,78,.526,.545,10,13,.769,18,119,137,84,45,4,57,86,287
215,Damien Inglis,SF,20,MIL,16,0,106,9,26,.346,1,10,.100,8,16,.500,.365,7,8,.875,2,23,25,6,3,3,6,7,26
216,Kyrie Irving,PG,23,CLE,46,46,1428,341,747,.456,68,219,.311,273,528,.517,.502,143,160,.894,38,96,134,207,45,12,100,92,893
217,Jarrett Jack,PG,32,BRK,32,32,1027,140,358,.391,31,102,.304,109,256,.426,.434,100,112,.893,9,127,136,236,34,7,94,77,411
218,Reggie Jackson,PG,25,DET,73,73,2234,500,1141,.438,108,305,.354,392,836,.469,.486,251,293,.857,52,181,233,456,55,8,199,171,1359
219,LeBron James,SF,31,CLE,70,70,2494,670,1315,.510,78,266,.293,592,1049,.564,.539,334,462,.723,101,418,519,463,95,44,223,132,1752
220,Al Jefferson,C,31,CHO,39,17,916,199,415,.480,0,0,,199,415,.480,.480,57,93,.613,46,189,235,56,22,35,27,96,455
Rk,Player,Pos,Age,Tm,G,GS,MP,FG,FGA,FG%,3P,3PA,3P%,2P,2PA,2P%,eFG%,FT,FTA,FT%,ORB,DRB,TRB,AST,STL,BLK,TOV,PF,PTS
221,Cory Jefferson,PF,25,PHO,8,0,50,9,22,.409,0,1,.000,9,21,.429,.409,4,6,.667,6,10,16,0,0,1,0,8,22
222,Richard Jefferson,SF,35,CLE,67,4,1185,131,280,.468,62,157,.395,69,123,.561,.579,50,77,.649,13,101,114,53,29,13,40,121,374
223,John Jenkins,SG,24,TOT,35,3,369,58,125,.464,14,37,.378,44,88,.500,.520,14,18,.778,8,41,49,22,4,1,23,16,144
224,Brandon Jennings,PG,26,TOT,43,7,783,102,278,.367,45,141,.319,57,137,.416,.448,57,77,.740,14,75,89,147,24,6,51,49,306
225,Jonas Jerebko,PF,28,BOS,69,0,1021,106,251,.422,39,95,.411,67,156,.429,.500,50,65,.769,66,179,245,56,16,19,46,126,301
226,Amir Johnson,PF,28,BOS,70,67,1591,223,382,.584,9,38,.237,214,344,.622,.596,55,100,.550,160,280,440,118,45,74,81,185,510
227,Chris Johnson,SF,25,UTA,64,2,793,67,180,.372,25,89,.281,42,91,.462,.442,32,40,.800,26,99,125,44,32,18,37,95,191
228,James Johnson,PF,28,TOR,54,30,865,108,222,.486,20,60,.333,88,162,.543,.532,34,62,.548,27,88,115,60,28,33,50,79,270
229,Joe Johnson,SF,34,TOT,71,71,2380,321,746,.430,109,275,.396,212,471,.450,.503,110,130,.846,44,221,265,278,52,4,135,129,861
230,Orlando Johnson,SG,26,TOT,7,1,101,9,35,.257,2,10,.200,7,25,.280,.286,6,8,.750,4,11,15,2,3,3,4,9,26
231,Stanley Johnson,SF,19,DET,67,5,1574,214,557,.384,60,193,.311,154,364,.423,.438,76,95,.800,52,230,282,112,49,11,106,164,564
232,Tyler Johnson,SG,23,MIA,36,5,863,118,242,.488,27,70,.386,91,172,.529,.543,51,64,.797,28,81,109,79,24,14,47,66,314
233,Wesley Johnson,SF,28,LAC,71,7,1443,177,448,.395,88,276,.319,89,172,.517,.493,27,43,.628,32,191,223,45,76,45,49,152,469
234,Nikola Jokic,C,20,DEN,71,46,1482,274,534,.513,24,67,.358,250,467,.535,.536,141,175,.806,155,312,467,161,71,42,96,186,713
235,James Jones,SF,35,CLE,42,0,398,47,118,.398,34,87,.391,13,31,.419,.542,17,22,.773,7,36,43,13,8,8,10,45,145
236,Terrence Jones,PF,24,HOU,49,11,1039,165,365,.452,25,79,.316,140,286,.490,.486,77,116,.664,61,148,209,41,23,39,48,83,432
237,Tyus Jones,PG,19,MIN,28,0,404,44,122,.361,14,37,.378,30,85,.353,.418,22,28,.786,6,32,38,75,19,3,26,23,124
238,DeAndre Jordan,C,27,LAC,69,69,2359,318,452,.704,0,1,.000,318,451,.705,.704,247,563,.439,243,720,963,81,45,154,94,191,883
239,Cory Joseph,PG,24,TOR,71,2,1832,229,522,.439,26,92,.283,203,430,.472,.464,124,162,.765,34,154,188,216,56,18,92,119,608
240,Chris Kaman,C,33,POR,14,2,105,19,42,.452,1,4,.250,18,38,.474,.464,3,3,1.000,6,16,22,10,1,1,7,13,42
Rk,Player,Pos,Age,Tm,G,GS,MP,FG,FGA,FG%,3P,3PA,3P%,2P,2PA,2P%,eFG%,FT,FTA,FT%,ORB,DRB,TRB,AST,STL,BLK,TOV,PF,PTS
241,Frank Kaminsky,C,22,CHO,72,2,1504,186,460,.404,57,175,.326,129,285,.453,.466,92,125,.736,59,228,287,90,34,39,54,115,521
242,Enes Kanter,C,23,OKC,73,0,1509,362,633,.572,6,15,.400,356,618,.576,.577,179,223,.803,213,361,574,31,21,31,99,141,909
243,Sergey Karasev,SF,22,BRK,36,3,328,26,63,.413,10,33,.303,16,30,.533,.492,16,17,.941,6,39,45,25,6,2,17,19,78
244,Sasha Kaun,C,30,CLE,21,0,66,7,10,.700,0,0,,7,10,.700,.700,4,9,.444,10,8,18,3,3,3,7,11,18
245,Ryan Kelly,PF,24,LAL,26,0,324,40,106,.377,5,32,.156,35,74,.473,.401,34,49,.694,14,76,90,17,9,8,13,27,119
246,Michael Kidd-Gilchrist,SF,22,CHO,7,7,205,33,61,.541,3,7,.429,30,54,.556,.566,20,29,.690,12,33,45,9,3,3,8,9,89
247,Sean Kilpatrick,SG,26,TOT,21,0,348,69,138,.500,26,64,.406,43,74,.581,.594,34,37,.919,5,23,28,11,5,1,14,23,198
248,Brandon Knight,SG,24,PHO,50,48,1801,356,863,.413,111,332,.334,245,531,.461,.477,148,173,.855,36,162,198,256,61,19,167,117,971
249,Kyle Korver,SG,34,ATL,72,72,2155,245,559,.438,143,360,.397,102,199,.513,.566,41,50,.820,12,222,234,151,60,30,91,144,674
250,Kosta Koufos,PF,26,SAC,69,10,1261,190,361,.526,0,0,,190,361,.526,.526,51,90,.567,146,213,359,23,33,58,41,159,431
251,Jeremy Lamb,SG,23,CHO,59,0,1122,215,472,.456,54,169,.320,161,303,.531,.513,58,81,.716,42,185,227,70,40,25,44,98,542
252,Carl Landry,PF,32,PHI,31,8,450,103,194,.531,2,9,.222,101,185,.546,.536,56,78,.718,35,77,112,19,9,9,16,61,264
253,Shane Larkin,PG,23,BRK,68,7,1442,187,419,.446,33,96,.344,154,323,.477,.486,66,83,.795,16,122,138,275,79,10,120,107,473
254,Joffrey Lauvergne,C,24,DEN,51,15,885,161,316,.509,13,46,.283,148,270,.548,.530,51,57,.895,70,184,254,44,12,11,42,101,386
255,Zach LaVine,PG,20,MIN,73,24,2016,392,862,.455,104,265,.392,288,597,.482,.515,149,190,.784,25,183,208,223,57,13,138,173,1037
256,Ty Lawson,PG,28,TOT,57,12,1226,117,302,.387,34,98,.347,83,204,.407,.444,56,80,.700,20,77,97,188,47,6,84,74,324
257,Courtney Lee,SG,30,TOT,70,56,2051,261,564,.463,75,194,.387,186,370,.503,.529,93,111,.838,25,152,177,114,73,23,65,116,690
258,David Lee,PF,32,TOT,45,5,766,155,298,.520,0,1,.000,155,297,.522,.520,65,84,.774,83,169,252,76,19,26,57,94,375
259,Alex Len,C,22,PHO,69,37,1531,227,529,.429,1,7,.143,226,522,.433,.430,158,217,.728,156,355,511,77,33,58,124,197,613
260,Kawhi Leonard,SF,24,SAS,66,66,2166,507,996,.509,123,266,.462,384,730,.526,.571,250,284,.880,86,366,452,163,116,61,96,118,1387
Rk,Player,Pos,Age,Tm,G,GS,MP,FG,FGA,FG%,3P,3PA,3P%,2P,2PA,2P%,eFG%,FT,FTA,FT%,ORB,DRB,TRB,AST,STL,BLK,TOV,PF,PTS
261,Meyers Leonard,PF,23,POR,61,10,1333,195,435,.448,86,228,.377,109,207,.527,.547,35,46,.761,51,263,314,92,8,18,77,183,511
262,Jon Leuer,PF,26,PHO,61,25,1156,208,430,.484,42,109,.385,166,321,.517,.533,69,91,.758,66,268,334,67,33,28,69,119,527
263,Damian Lillard,PG,25,POR,67,67,2412,566,1337,.423,209,554,.377,357,783,.456,.501,370,415,.892,43,241,284,462,60,24,220,155,1711
264,Jeremy Lin,PG,27,CHO,70,11,1815,271,653,.415,65,195,.333,206,458,.450,.465,210,261,.805,36,184,220,203,50,39,130,150,817
265,Shaun Livingston,PG,30,GSW,69,3,1329,175,333,.526,2,12,.167,173,321,.539,.529,70,81,.864,40,103,143,203,52,23,63,119,422
266,Kevon Looney,PF,19,GSW,5,0,21,4,7,.571,1,2,.500,3,5,.600,.643,0,0,,4,6,10,0,0,0,1,2,9
267,Brook Lopez,C,27,BRK,70,70,2377,570,1110,.514,2,12,.167,568,1098,.517,.514,312,397,.786,196,362,558,142,58,122,165,211,1454
268,Robin Lopez,C,27,NYK,74,74,1980,318,583,.545,0,1,.000,318,582,.546,.545,115,140,.821,236,300,536,97,15,110,117,171,751
269,Kevin Love,PF,27,CLE,69,69,2195,364,875,.416,132,383,.345,232,492,.472,.491,232,283,.820,139,546,685,168,54,39,125,138,1092
270,Kyle Lowry,PG,29,TOR,70,70,2606,474,1089,.435,192,496,.387,282,593,.476,.523,378,461,.820,52,290,342,454,150,31,203,191,1518
271,Trey Lyles,PF,20,UTA,71,29,1154,150,341,.440,35,92,.380,115,249,.462,.491,46,67,.687,54,194,248,47,18,17,54,99,381
272,Shelvin Mack,PG,25,TOT,43,18,751,132,308,.429,29,89,.326,103,219,.470,.476,31,45,.689,8,84,92,145,30,1,76,50,324
273,Ian Mahinmi,C,29,IND,62,62,1574,219,378,.579,0,0,,219,378,.579,.579,113,193,.585,116,319,435,88,59,66,82,194,551
274,Devyn Marble,SG,23,ORL,22,0,169,13,47,.277,6,21,.286,7,26,.269,.340,4,8,.500,5,22,27,7,9,1,5,18,36
275,Boban Marjanovic,C,27,SAS,48,2,390,86,145,.593,0,0,,86,145,.593,.593,72,96,.750,59,97,156,16,12,17,24,43,244
276,Kendall Marshall,PG,24,PHI,23,5,306,35,91,.385,11,36,.306,24,55,.436,.445,9,13,.692,1,17,18,63,13,1,39,24,90
277,Jarell Martin,PF,21,MEM,18,0,242,34,83,.410,0,2,.000,34,81,.420,.410,23,32,.719,29,30,59,11,5,4,13,33,91
278,Kevin Martin,SG,32,TOT,48,13,959,142,380,.374,45,120,.375,97,260,.373,.433,139,158,.880,11,79,90,52,21,3,46,76,468
279,Wesley Matthews,SG,29,DAL,68,68,2265,285,732,.389,157,440,.357,128,292,.438,.497,107,124,.863,25,183,208,132,65,15,64,155,834
280,O.J. Mayo,SG,28,MIL,41,24,1090,119,321,.371,52,162,.321,67,159,.421,.452,31,40,.775,13,92,105,118,48,8,72,126,321
Rk,Player,Pos,Age,Tm,G,GS,MP,FG,FGA,FG%,3P,3PA,3P%,2P,2PA,2P%,eFG%,FT,FTA,FT%,ORB,DRB,TRB,AST,STL,BLK,TOV,PF,PTS
281,Luc Mbah a Moute,PF,29,LAC,64,50,1069,75,178,.421,12,38,.316,63,140,.450,.455,27,50,.540,55,93,148,23,33,18,32,86,189
282,James Michael McAdoo,PF,23,GSW,37,1,237,40,74,.541,1,1,1.000,39,73,.534,.547,25,45,.556,30,26,56,16,9,5,15,33,106
283,Ray McCallum,PG,24,TOT,39,6,440,50,131,.382,15,39,.385,35,92,.380,.439,11,13,.846,8,37,45,54,12,7,24,28,126
284,C.J. McCollum,SG,24,POR,72,72,2517,578,1302,.444,173,423,.409,405,879,.461,.510,168,203,.828,42,196,238,303,85,21,172,170,1497
285,T.J. McConnell,PG,23,PHI,72,17,1425,198,409,.484,27,79,.342,171,330,.518,.517,25,39,.641,38,190,228,321,85,9,129,105,448
286,Chris McCullough,PF,20,BRK,14,0,160,15,43,.349,4,11,.364,11,32,.344,.395,4,6,.667,10,16,26,3,11,6,4,24,38
287,K.J. McDaniels,SG,22,HOU,29,0,151,18,52,.346,4,18,.222,14,34,.412,.385,19,23,.826,10,18,28,7,4,5,11,25,59
288,Doug McDermott,SF,24,CHI,71,4,1641,261,577,.452,105,243,.432,156,334,.467,.543,59,68,.868,34,135,169,48,13,6,48,108,686
289,Mitch McGary,PF,23,OKC,20,0,72,11,23,.478,0,4,.000,11,19,.579,.478,4,10,.400,4,14,18,3,1,2,7,10,26
290,JaVale McGee,C,28,DAL,32,2,354,76,130,.585,0,1,.000,76,129,.589,.585,18,36,.500,51,79,130,3,5,26,21,48,170
291,Ben McLemore,SG,22,SAC,58,50,1192,158,364,.434,53,148,.358,105,216,.486,.507,66,89,.742,28,89,117,67,44,9,81,118,435
292,Jordan McRae,PG,24,TOT,17,0,124,18,42,.429,7,17,.412,11,25,.440,.512,16,20,.800,2,11,13,15,3,1,10,10,59
293,Josh McRoberts,PF,28,MIA,37,1,524,48,123,.390,9,39,.231,39,84,.464,.427,25,36,.694,19,74,93,68,16,7,27,62,130
294,Jodie Meeks,SG,28,DET,2,0,17,1,5,.200,0,0,,1,5,.200,.200,0,0,,1,1,2,0,0,0,1,2,2
295,Salah Mejri,C,29,DAL,26,5,277,37,61,.607,0,1,.000,37,60,.617,.607,22,34,.647,31,61,92,5,6,24,18,35,96
296,Jordan Mickey,PF,21,BOS,14,0,47,7,15,.467,0,0,,7,15,.467,.467,5,8,.625,5,4,9,1,0,11,1,4,19
297,Khris Middleton,SG,24,MIL,74,74,2694,469,1071,.438,137,342,.401,332,729,.455,.502,262,297,.882,44,235,279,308,120,17,164,193,1337
298,C.J. Miles,SF,28,IND,56,24,1316,222,558,.398,118,336,.351,104,222,.468,.504,85,114,.746,22,137,159,57,49,26,67,126,647
299,Andre Miller,PG,39,TOT,36,1,377,49,80,.613,2,6,.333,47,74,.635,.625,20,24,.833,9,31,40,73,12,0,32,43,120
300,Mike Miller,SF,35,DEN,43,1,342,19,53,.358,17,45,.378,2,8,.250,.519,0,0,,6,41,47,36,11,4,17,49,55
Rk,Player,Pos,Age,Tm,G,GS,MP,FG,FGA,FG%,3P,3PA,3P%,2P,2PA,2P%,eFG%,FT,FTA,FT%,ORB,DRB,TRB,AST,STL,BLK,TOV,PF,PTS
301,Patrick Mills,PG,27,SAS,72,3,1477,238,546,.436,110,284,.387,128,262,.489,.537,37,48,.771,26,124,150,199,53,5,63,89,623
302,Elijah Millsap,SG,28,UTA,20,0,173,11,39,.282,1,12,.083,10,27,.370,.295,13,18,.722,6,29,35,19,7,3,9,33,36
303,Paul Millsap,PF,30,ATL,73,73,2373,455,956,.476,64,203,.315,391,753,.519,.509,285,378,.754,172,462,634,241,134,110,168,212,1259
304,Nikola Mirotic,PF,24,CHI,56,34,1347,192,491,.391,99,271,.365,93,220,.423,.492,119,150,.793,50,263,313,79,45,39,86,116,602
305,Nazr Mohammed,C,38,OKC,4,0,14,2,3,.667,0,0,,2,3,.667,.667,2,2,1.000,0,2,2,0,0,0,2,3,6
306,Greg Monroe,C,25,MIL,72,60,2140,454,869,.522,0,0,,454,869,.522,.522,211,285,.740,205,453,658,159,63,62,118,152,1119
307,Luis Montero,SG,22,POR,7,0,23,5,13,.385,1,5,.200,4,8,.500,.423,2,2,1.000,0,2,2,1,0,0,2,1,13
308,E'Twaun Moore,SG,26,CHI,55,20,1158,176,359,.490,42,93,.452,134,266,.504,.549,22,35,.629,16,105,121,91,33,15,49,95,416
309,Eric Moreland,PF,24,SAC,5,0,24,2,3,.667,0,0,,2,3,.667,.667,0,2,.000,1,5,6,0,0,4,0,2,4
310,Marcus Morris,SF,26,DET,73,73,2606,371,865,.429,95,270,.352,276,595,.464,.484,184,245,.751,78,280,358,183,59,19,124,154,1021
311,Markieff Morris,PF,26,TOT,57,38,1420,260,621,.419,36,123,.293,224,498,.450,.448,93,126,.738,65,242,307,114,55,27,124,165,649
312,Anthony Morrow,SG,30,OKC,59,5,800,115,281,.409,66,171,.386,49,110,.445,.527,20,27,.741,9,45,54,19,21,4,13,55,316
313,Donatas Motiejunas,PF,25,HOU,29,14,425,73,156,.468,14,43,.326,59,113,.522,.513,28,45,.622,27,59,86,30,11,4,36,55,188
314,Timofey Mozgov,C,29,CLE,68,42,1191,187,332,.563,1,7,.143,186,325,.572,.565,60,84,.714,103,194,297,27,22,49,66,143,435
315,Emmanuel Mudiay,PG,19,DEN,59,57,1786,272,766,.355,57,183,.311,215,583,.369,.392,127,192,.661,30,172,202,329,59,32,188,120,728
316,Shabazz Muhammad,SG,23,MIN,73,0,1487,265,585,.453,38,131,.290,227,454,.500,.485,155,199,.779,90,149,239,40,21,7,63,87,723
317,Xavier Munford,SG,23,MEM,5,0,51,4,10,.400,1,4,.250,3,6,.500,.450,3,4,.750,2,6,8,4,4,0,2,6,12
318,Mike Muscala,PF,24,ATL,55,0,525,70,139,.504,10,35,.286,60,104,.577,.540,28,35,.800,35,75,110,30,13,22,27,66,178
319,Larry Nance Jr.,PF,23,LAL,55,22,1091,139,262,.531,1,9,.111,138,253,.545,.532,26,39,.667,88,184,272,35,42,19,37,109,305
320,Shabazz Napier,PG,24,ORL,52,0,578,64,193,.332,31,98,.316,33,95,.347,.412,30,41,.732,9,44,53,96,23,1,46,38,189
Rk,Player,Pos,Age,Tm,G,GS,MP,FG,FGA,FG%,3P,3PA,3P%,2P,2PA,2P%,eFG%,FT,FTA,FT%,ORB,DRB,TRB,AST,STL,BLK,TOV,PF,PTS
321,Gary Neal,SG,31,WAS,40,2,807,151,325,.465,41,100,.410,110,225,.489,.528,47,55,.855,11,72,83,47,20,1,29,55,390
322,Jameer Nelson,PG,33,DEN,38,15,1029,113,306,.369,43,144,.299,70,162,.432,.440,30,35,.857,19,95,114,190,25,5,66,99,299
323,Raul Neto,PG,23,UTA,72,53,1378,170,387,.439,62,150,.413,108,237,.456,.519,45,62,.726,16,92,108,158,56,2,99,115,447
324,Andrew Nicholson,PF,26,ORL,48,0,683,118,261,.452,32,94,.340,86,167,.515,.513,36,46,.783,29,144,173,18,7,20,36,58,304
325,Joakim Noah,C,30,CHI,29,2,635,51,133,.383,0,1,.000,51,132,.386,.383,22,45,.489,87,168,255,110,18,29,52,77,124
326,Nerlens Noel,PF,21,PHI,62,58,1805,282,538,.524,1,1,1.000,281,537,.523,.525,122,206,.592,142,355,497,114,107,92,152,175,687
327,Lucas Nogueira,C,23,TOR,24,0,161,22,33,.667,1,2,.500,21,31,.677,.682,8,13,.615,15,18,33,3,9,7,8,21,53
328,Steve Novak,PF,32,TOT,10,0,44,8,18,.444,7,15,.467,1,3,.333,.639,1,1,1.000,0,5,5,0,0,0,1,3,24
329,Dirk Nowitzki,PF,37,DAL,65,65,2041,447,963,.464,112,290,.386,335,673,.498,.522,216,242,.893,44,391,435,117,42,50,75,140,1222
330,Jusuf Nurkic,C,21,DEN,26,0,395,70,172,.407,0,3,.000,70,169,.414,.407,51,77,.662,43,83,126,27,17,33,39,69,191
331,J.J. O'Brien,SF,23,UTA,2,0,6,0,1,.000,0,0,,0,1,.000,.000,0,0,,0,1,1,0,1,0,0,1,0
332,Johnny O'Bryant,PF,22,MIL,60,3,754,70,183,.383,1,1,1.000,69,182,.379,.385,23,35,.657,57,93,150,30,17,7,28,90,164
333,Kyle O'Quinn,PF,25,NYK,57,1,643,108,225,.480,5,20,.250,103,205,.502,.491,41,54,.759,61,142,203,63,19,40,55,92,262
334,Jahlil Okafor,C,20,PHI,53,48,1591,397,781,.508,1,6,.167,396,775,.511,.509,133,194,.686,122,251,373,65,22,61,124,140,928
335,Victor Oladipo,SG,23,ORL,66,46,2174,388,888,.437,91,264,.345,297,624,.476,.488,192,231,.831,43,276,319,256,102,45,143,153,1059
336,Kelly Olynyk,C,24,BOS,60,8,1230,226,495,.457,76,188,.404,150,307,.489,.533,78,105,.743,66,186,252,91,45,31,70,146,606
337,Kelly Oubre,SF,20,WAS,56,9,571,72,175,.411,23,67,.343,49,108,.454,.477,28,43,.651,24,92,116,12,20,6,29,83,195
338,Zaza Pachulia,C,31,DAL,66,62,1778,203,438,.463,0,3,.000,203,435,.467,.463,196,255,.769,219,433,652,116,58,19,107,158,602
339,Kostas Papanikolaou,SF,25,DEN,26,6,294,24,66,.364,10,32,.313,14,34,.412,.439,9,14,.643,8,32,40,16,13,5,21,24,67
340,Jabari Parker,PF,20,MIL,68,64,2124,380,773,.492,7,24,.292,373,749,.498,.496,146,188,.777,108,241,349,112,62,29,99,139,913
Rk,Player,Pos,Age,Tm,G,GS,MP,FG,FGA,FG%,3P,3PA,3P%,2P,2PA,2P%,eFG%,FT,FTA,FT%,ORB,DRB,TRB,AST,STL,BLK,TOV,PF,PTS
341,Tony Parker,PG,33,SAS,66,66,1805,328,654,.502,26,63,.413,302,591,.511,.521,118,152,.776,17,149,166,355,49,11,119,106,800
342,Chandler Parsons,SF,27,DAL,61,51,1799,320,651,.492,104,250,.416,216,401,.539,.571,93,136,.684,29,256,285,169,46,21,95,114,837
343,Lamar Patterson,SG,24,ATL,35,0,395,28,80,.350,12,49,.245,16,31,.516,.425,16,22,.727,4,46,50,39,9,2,23,45,84
344,Patrick Patterson,PF,26,TOR,70,0,1770,181,435,.416,96,263,.365,85,172,.494,.526,24,28,.857,66,239,305,77,44,25,56,118,482
345,Chris Paul,PG,30,LAC,66,66,2196,469,1011,.464,112,301,.372,357,710,.503,.519,267,299,.893,34,237,271,647,141,11,178,173,1317
346,Adreian Payne,PF,24,MIN,46,2,436,48,127,.378,9,28,.321,39,99,.394,.413,14,20,.700,17,80,97,24,13,10,31,71,119
347,Cameron Payne,PG,21,OKC,50,0,591,97,228,.425,33,93,.355,64,135,.474,.498,17,20,.850,8,70,78,91,31,6,34,69,244
348,Elfrid Payton,PG,21,ORL,64,60,1877,283,646,.438,29,81,.358,254,565,.450,.461,95,162,.586,69,156,225,393,78,19,156,145,690
349,Nikola Pekovic,C,30,MIN,12,3,156,19,50,.380,0,0,,19,50,.380,.380,16,20,.800,7,14,21,11,1,0,9,22,54
350,Kendrick Perkins,C,31,NOP,27,5,368,26,45,.578,0,0,,26,45,.578,.578,3,13,.231,18,69,87,20,10,6,24,48,55
351,Paul Pierce,SF,38,LAC,62,34,1110,122,351,.348,68,221,.308,54,130,.415,.444,48,60,.800,12,159,171,65,29,15,50,118,360
352,Tibor Pleiss,C,26,UTA,12,0,82,11,25,.440,0,2,.000,11,23,.478,.440,2,2,1.000,6,9,15,2,1,2,8,19,24
353,Mason Plumlee,C,25,POR,74,74,1879,235,465,.505,0,4,.000,235,461,.510,.505,194,307,.632,185,384,569,195,59,75,141,231,664
354,Miles Plumlee,C,27,MIL,53,13,705,111,177,.627,0,0,,111,177,.627,.627,26,45,.578,79,104,183,13,15,45,36,65,248
355,Otto Porter,SF,22,WAS,65,63,1992,297,638,.466,82,232,.353,215,406,.530,.530,82,111,.739,86,256,342,109,96,27,63,145,758
356,Bobby Portis,PF,20,CHI,52,0,918,155,367,.422,13,44,.295,142,323,.440,.440,38,54,.704,94,181,275,45,23,20,47,90,361
357,Kristaps Porzingis,PF,20,NYK,71,71,2012,369,876,.421,79,239,.331,290,637,.455,.466,195,232,.841,131,385,516,91,51,131,120,203,1012
358,Dwight Powell,PF,24,DAL,61,0,912,132,270,.489,2,16,.125,130,254,.512,.493,100,133,.752,75,178,253,41,33,21,39,111,366
359,Norman Powell,SG,22,TOR,39,14,419,47,137,.343,15,51,.294,32,86,.372,.398,14,16,.875,13,55,68,25,16,7,17,41,123
360,Phil Pressey,PG,24,TOT,23,0,283,30,78,.385,4,18,.222,26,60,.433,.410,13,25,.520,3,28,31,75,18,4,33,28,77
Rk,Player,Pos,Age,Tm,G,GS,MP,FG,FGA,FG%,3P,3PA,3P%,2P,2PA,2P%,eFG%,FT,FTA,FT%,ORB,DRB,TRB,AST,STL,BLK,TOV,PF,PTS
361,Ronnie Price,PG,32,PHO,53,11,970,96,242,.397,55,156,.353,41,86,.477,.510,23,31,.742,18,60,78,111,56,12,49,132,270
362,Pablo Prigioni,PG,38,LAC,49,1,620,40,102,.392,23,70,.329,17,32,.531,.505,4,5,.800,30,52,82,87,42,1,38,66,107
363,Tayshaun Prince,SF,35,MIN,69,44,1344,92,205,.449,4,21,.190,88,184,.478,.459,12,17,.706,29,107,136,66,32,13,23,59,200
364,Julius Randle,PF,21,LAL,71,50,1984,325,750,.433,9,32,.281,316,718,.440,.439,171,243,.704,154,578,732,120,45,27,132,216,830
365,Zach Randolph,PF,34,MEM,60,45,1777,370,760,.487,4,16,.250,366,744,.492,.489,149,188,.793,155,324,479,117,36,12,88,128,893
366,J.J. Redick,SG,31,LAC,67,67,1911,379,794,.477,180,376,.479,199,418,.476,.591,177,200,.885,9,112,121,96,38,4,73,126,1115
367,Willie Reed,PF,25,BRK,36,2,389,69,120,.575,0,0,,69,120,.575,.575,29,52,.558,42,63,105,10,6,27,16,43,167
368,Josh Richardson,SG,22,MIA,42,1,783,91,192,.474,40,82,.488,51,110,.464,.578,31,47,.660,12,61,73,51,29,19,26,87,253
369,Austin Rivers,SG,23,LAC,58,5,1252,185,427,.433,44,152,.289,141,275,.513,.485,65,93,.699,19,93,112,78,38,10,53,120,479
370,Andre Roberson,SG,24,OKC,62,62,1373,119,248,.480,26,93,.280,93,155,.600,.532,30,46,.652,69,142,211,43,47,37,30,119,294
371,Brian Roberts,PG,30,TOT,45,0,416,66,149,.443,13,37,.351,53,112,.473,.487,41,46,.891,6,32,38,48,9,1,19,28,186
372,Glenn Robinson,PF,22,IND,40,4,460,58,134,.433,11,32,.344,47,102,.461,.474,27,39,.692,11,54,65,22,16,8,14,18,154
373,Nate Robinson,PG,31,NOP,2,1,23,0,1,.000,0,1,.000,0,0,,.000,0,0,,0,0,0,4,1,0,0,5,0
374,Thomas Robinson,PF,24,BRK,64,1,737,89,213,.418,0,1,.000,89,212,.420,.418,35,74,.473,94,185,279,36,31,35,57,90,213
375,Rajon Rondo,PG,29,SAC,68,68,2404,333,739,.451,55,158,.348,278,581,.478,.488,80,139,.576,77,338,415,795,132,10,268,168,801
376,Derrick Rose,PG,27,CHI,60,60,1920,418,962,.435,42,139,.302,376,823,.457,.456,135,171,.789,41,168,209,286,39,13,162,80,1013
377,Terrence Ross,SF,24,TOR,64,7,1540,226,532,.425,112,293,.382,114,239,.477,.530,40,49,.816,17,137,154,47,48,24,39,105,604
378,Terry Rozier,PG,21,BOS,32,0,222,22,82,.268,6,21,.286,16,61,.262,.305,5,6,.833,18,24,42,33,4,1,14,16,55
379,Ricky Rubio,PG,25,MIN,67,67,2069,201,525,.383,54,166,.325,147,359,.409,.434,249,292,.853,37,254,291,590,140,9,167,176,705
380,Damjan Rudez,SF,29,MIN,28,0,253,22,57,.386,15,46,.326,7,11,.636,.518,8,8,1.000,5,13,18,10,3,1,13,31,67
Rk,Player,Pos,Age,Tm,G,GS,MP,FG,FGA,FG%,3P,3PA,3P%,2P,2PA,2P%,eFG%,FT,FTA,FT%,ORB,DRB,TRB,AST,STL,BLK,TOV,PF,PTS
381,Brandon Rush,SG,30,GSW,63,25,965,103,242,.426,58,144,.403,45,98,.459,.545,18,28,.643,20,141,161,52,20,20,27,48,282
382,D'Angelo Russell,PG,19,LAL,70,38,1922,345,821,.420,115,327,.352,230,494,.466,.490,113,157,.720,39,198,237,239,81,12,165,119,918
383,Robert Sacre,C,26,LAL,20,1,258,24,56,.429,0,0,,24,56,.429,.429,14,24,.583,21,27,48,13,2,10,10,35,62
384,JaKarr Sampson,SF,22,TOT,64,32,983,118,272,.434,11,50,.220,107,222,.482,.454,76,116,.655,38,129,167,40,17,25,65,126,323
385,Dennis Schroder,PG,22,ATL,72,6,1475,303,700,.433,72,217,.332,231,483,.478,.484,133,164,.811,22,167,189,327,64,8,161,123,811
386,Luis Scola,PF,35,TOR,71,71,1562,261,574,.455,63,150,.420,198,424,.467,.510,60,81,.741,83,264,347,62,44,25,64,168,645
387,Mike Scott,PF,27,ATL,67,0,1026,160,347,.461,55,144,.382,105,203,.517,.540,44,57,.772,46,134,180,71,24,16,39,93,419
388,Thabo Sefolosha,SF,31,ATL,67,10,1589,179,351,.510,41,118,.347,138,233,.592,.568,57,90,.633,50,263,313,97,79,35,62,97,456
389,Kevin Seraphin,C,26,NYK,42,0,442,69,172,.401,0,1,.000,69,171,.404,.401,17,21,.810,30,70,100,45,7,31,39,54,155
390,Ramon Sessions,PG,29,WAS,72,0,1420,234,503,.465,28,94,.298,206,409,.504,.493,190,252,.754,21,153,174,180,40,5,92,88,686
391,Iman Shumpert,SG,25,CLE,48,3,1150,100,266,.376,40,131,.305,60,135,.444,.451,29,38,.763,30,149,179,83,48,17,49,107,269
392,Jonathon Simmons,SG,26,SAS,50,1,721,108,214,.505,18,41,.439,90,173,.520,.547,59,78,.756,14,70,84,55,21,5,48,93,293
393,Henry Sims,C,25,BRK,4,0,53,8,18,.444,0,0,,8,18,.444,.444,3,4,.750,4,10,14,1,2,3,3,9,19
394,Kyle Singler,SF,27,OKC,59,1,837,73,190,.384,25,87,.287,48,103,.466,.450,22,34,.647,43,77,120,20,25,7,28,101,193
395,Donald Sloan,PG,28,BRK,52,33,1138,129,291,.443,32,83,.386,97,208,.466,.498,72,94,.766,15,146,161,227,31,3,74,65,362
396,Marcus Smart,PG,21,BOS,52,10,1411,158,462,.342,54,215,.251,104,247,.421,.400,111,146,.760,65,156,221,146,82,14,65,162,481
397,Greg Smith,PF,25,MIN,12,0,140,15,28,.536,0,0,,15,28,.536,.536,5,13,.385,9,22,31,5,2,1,3,25,35
398,Ish Smith,PG,27,TOT,68,44,1916,346,853,.406,41,130,.315,305,723,.422,.430,110,160,.688,38,227,265,442,79,15,148,113,843
399,J.R. Smith,SG,30,CLE,69,69,2111,315,768,.410,178,453,.393,137,315,.435,.526,39,62,.629,39,156,195,112,76,19,53,188,847
400,Jason Smith,C,29,ORL,67,2,1047,215,440,.489,4,15,.267,211,425,.496,.493,51,64,.797,44,137,181,52,29,52,56,148,485
Rk,Player,Pos,Age,Tm,G,GS,MP,FG,FGA,FG%,3P,3PA,3P%,2P,2PA,2P%,eFG%,FT,FTA,FT%,ORB,DRB,TRB,AST,STL,BLK,TOV,PF,PTS
401,Josh Smith,PF,30,TOT,50,7,796,115,326,.353,33,126,.262,82,200,.410,.403,34,61,.557,51,131,182,79,28,46,69,105,297
402,Russ Smith,PG,24,MEM,15,0,66,7,22,.318,1,5,.200,6,17,.353,.341,8,13,.615,1,8,9,11,5,1,7,5,23
403,Tony Snell,SF,24,CHI,62,32,1232,120,323,.372,53,149,.356,67,174,.385,.454,25,28,.893,19,170,189,60,15,16,51,97,318
404,Marreese Speights,PF,28,GSW,62,0,716,167,394,.424,20,50,.400,147,344,.427,.449,82,100,.820,67,140,207,53,15,28,54,100,436
405,Tiago Splitter,C,31,ATL,36,2,579,81,155,.523,0,2,.000,81,153,.529,.523,39,48,.813,45,75,120,30,20,12,24,71,201
406,Nik Stauskas,SG,22,PHI,65,32,1545,179,456,.393,93,274,.339,86,182,.473,.495,69,92,.750,18,141,159,115,39,19,82,98,520
407,Lance Stephenson,SF,25,TOT,61,12,1153,190,382,.497,24,67,.358,166,315,.527,.529,74,93,.796,32,164,196,110,40,6,78,121,478
408,Alex Stepheson,PF,28,TOT,8,0,73,9,27,.333,0,0,,9,27,.333,.333,4,12,.333,19,9,28,2,1,5,0,12,22
409,Jarnell Stokes,C,22,TOT,7,0,18,3,5,.600,0,0,,3,5,.600,.600,1,2,.500,1,3,4,1,1,0,0,1,7
410,Amar'e Stoudemire,C,33,MIA,44,29,656,106,190,.558,0,0,,106,190,.558,.558,45,60,.750,60,139,199,27,12,40,41,76,257
411,Rodney Stuckey,PG,29,IND,48,0,1087,154,378,.407,17,66,.258,137,312,.439,.430,105,129,.814,16,117,133,117,36,7,64,61,430
412,Jared Sullinger,PF,23,BOS,72,64,1738,316,724,.436,26,94,.277,290,630,.460,.454,94,147,.639,178,442,620,165,70,46,97,195,752
413,Walter Tavares,C,23,ATL,11,0,73,11,19,.579,0,0,,11,19,.579,.579,3,8,.375,7,14,21,3,1,6,5,8,25
414,Jeff Teague,PG,27,ATL,71,70,2017,369,863,.428,96,244,.393,273,619,.441,.483,229,276,.830,31,162,193,423,88,20,194,151,1063
415,Mirza Teletovic,PF,30,PHO,71,1,1447,268,638,.420,156,394,.396,112,244,.459,.542,98,126,.778,43,208,251,74,26,20,65,138,790
416,Garrett Temple,SF,29,WAS,70,43,1752,180,460,.391,80,236,.339,100,224,.446,.478,79,110,.718,31,155,186,120,60,16,54,175,519
417,Jason Terry,SG,38,HOU,63,7,1114,134,327,.410,82,224,.366,52,103,.505,.535,26,31,.839,13,58,71,86,43,8,43,83,376
418,Isaiah Thomas,PG,26,BOS,73,70,2374,528,1232,.429,148,420,.352,380,812,.468,.489,419,474,.884,42,179,221,467,83,6,191,151,1623
419,Lance Thomas,SF,27,NYK,59,5,1313,169,382,.442,44,109,.404,125,273,.458,.500,102,119,.857,34,97,131,53,22,7,57,109,484
420,Hollis Thompson,SG,24,PHI,69,14,1927,241,591,.408,130,339,.383,111,252,.440,.518,62,86,.721,45,201,246,81,31,20,70,166,674
Rk,Player,Pos,Age,Tm,G,GS,MP,FG,FGA,FG%,3P,3PA,3P%,2P,2PA,2P%,eFG%,FT,FTA,FT%,ORB,DRB,TRB,AST,STL,BLK,TOV,PF,PTS
421,Jason Thompson,C,29,TOT,37,2,334,34,70,.486,1,5,.200,33,65,.508,.493,34,48,.708,23,74,97,24,11,14,13,61,103
422,Klay Thompson,SG,25,GSW,70,70,2311,573,1214,.472,246,568,.433,327,646,.506,.573,177,204,.868,29,242,271,144,54,41,125,134,1569
423,Tristan Thompson,PF,24,CLE,73,31,2037,224,382,.586,0,0,,224,382,.586,.586,130,207,.628,242,430,672,57,29,41,54,182,578
424,Marcus Thornton,SG,28,TOT,54,6,995,197,491,.401,84,247,.340,113,244,.463,.487,56,65,.862,33,94,127,71,40,4,44,82,534
425,Anthony Tolliver,PF,30,DET,64,4,1213,114,298,.383,88,244,.361,26,54,.481,.530,26,42,.619,35,177,212,50,25,15,23,81,342
426,Axel Toupane,SF,23,DEN,12,0,175,13,43,.302,9,28,.321,4,15,.267,.407,6,7,.857,5,11,16,9,5,4,2,25,41
427,Karl-Anthony Towns,C,20,MIN,73,73,2315,552,1007,.548,23,68,.338,529,939,.563,.560,201,245,.820,205,547,752,130,52,126,162,220,1328
428,P.J. Tucker,SF,30,PHO,73,71,2238,197,487,.405,58,176,.330,139,311,.447,.464,82,115,.713,135,297,432,146,93,20,93,177,534
429,Evan Turner,SG,27,BOS,73,9,2019,302,667,.453,16,76,.211,286,591,.484,.465,132,160,.825,46,316,362,326,70,25,149,120,752
430,Myles Turner,C,19,IND,50,26,1156,228,452,.504,3,14,.214,225,438,.514,.508,76,106,.717,59,215,274,31,19,74,51,128,535
431,Beno Udrih,PG,33,TOT,44,5,707,86,198,.434,15,44,.341,71,154,.461,.472,18,20,.900,8,64,72,116,14,1,53,51,205
432,Jonas Valanciunas,C,23,TOR,51,50,1318,253,446,.567,0,0,,253,446,.567,.567,140,184,.761,161,305,466,40,21,61,71,133,646
433,Anderson Varejao,C,33,TOT,47,0,454,51,113,.451,0,1,.000,51,112,.455,.451,27,40,.675,32,94,126,33,14,10,22,63,129
434,Greivis Vasquez,PG,29,MIL,16,0,361,39,112,.348,14,54,.259,25,58,.431,.411,22,25,.880,4,33,37,71,7,0,30,33,114
435,Rashad Vaughn,SG,19,MIL,62,0,752,56,189,.296,31,102,.304,25,87,.287,.378,11,12,.917,9,60,69,29,18,9,24,57,154
436,Charlie Villanueva,PF,31,DAL,56,4,620,115,301,.382,40,156,.256,75,145,.517,.449,22,24,.917,22,118,140,21,15,15,29,66,292
437,Noah Vonleh,PF,20,POR,70,56,1080,108,260,.415,10,42,.238,98,218,.450,.435,32,43,.744,88,191,279,28,24,19,44,143,258
438,Nikola Vucevic,C,25,ORL,58,57,1845,465,935,.497,2,9,.222,463,926,.500,.498,98,127,.772,162,360,522,165,46,63,113,154,1030
439,Sasha Vujacic,SG,31,NYK,53,17,703,73,212,.344,36,110,.327,37,102,.363,.429,26,33,.788,22,91,113,64,28,3,35,66,208
440,Dwyane Wade,SG,34,MIA,66,65,2010,473,1055,.448,7,38,.184,466,1017,.458,.452,298,379,.786,77,196,273,308,70,37,181,103,1251
Rk,Player,Pos,Age,Tm,G,GS,MP,FG,FGA,FG%,3P,3PA,3P%,2P,2PA,2P%,eFG%,FT,FTA,FT%,ORB,DRB,TRB,AST,STL,BLK,TOV,PF,PTS
441,Dion Waiters,SG,24,OKC,69,12,1905,247,618,.400,75,209,.359,172,409,.421,.460,91,128,.711,30,148,178,129,67,11,102,130,660
442,Kemba Walker,PG,25,CHO,72,72,2585,513,1192,.430,158,417,.379,355,775,.458,.497,330,390,.846,52,263,315,377,114,32,153,102,1514
443,John Wall,PG,25,WAS,72,72,2603,541,1269,.426,106,303,.350,435,966,.450,.468,262,331,.792,41,311,352,729,139,54,295,147,1450
444,T.J. Warren,SF,22,PHO,47,4,1070,221,441,.501,28,70,.400,193,371,.520,.533,45,64,.703,57,90,147,44,37,16,32,94,515
445,C.J. Watson,PG,31,ORL,26,2,532,35,112,.313,12,43,.279,23,69,.333,.366,30,35,.857,9,47,56,74,15,4,20,39,112
446,Briante Weber,PG,23,MEM,6,4,166,13,38,.342,0,5,.000,13,33,.394,.342,3,4,.750,8,16,24,20,9,3,9,11,29
447,Sonny Weems,SG-SF,29,TOT,43,0,499,42,110,.382,15,41,.366,27,69,.391,.450,8,15,.533,7,46,53,49,10,1,41,47,107
448,David West,PF,35,SAS,72,17,1251,222,404,.550,2,5,.400,220,399,.551,.552,53,66,.803,63,219,282,126,38,49,67,131,499
449,Russell Westbrook,PG,27,OKC,73,73,2519,606,1330,.456,91,305,.298,515,1025,.502,.490,426,522,.816,132,430,562,760,151,20,307,184,1729
450,Hassan Whiteside,C,26,MIA,63,40,1822,353,576,.613,0,0,,353,576,.613,.613,167,261,.640,204,537,741,26,36,236,122,166,873
451,Shayne Whittington,PF,24,IND,5,0,13,2,4,.500,0,1,.000,2,3,.667,.500,0,0,,1,2,3,2,1,1,2,4,4
452,Andrew Wiggins,SG,20,MIN,72,72,2538,526,1156,.455,46,164,.280,480,992,.484,.475,381,505,.754,98,167,265,148,65,41,159,149,1479
453,C.J. Wilcox,SG,25,LAC,14,0,61,8,28,.286,3,10,.300,5,18,.278,.339,3,5,.600,0,3,3,5,3,1,1,5,22
454,Alan Williams,PF,23,PHO,2,0,13,2,3,.667,0,0,,2,3,.667,.667,3,6,.500,2,3,5,0,2,0,1,4,7
455,Deron Williams,PG,31,DAL,62,60,2004,302,735,.411,93,267,.348,209,468,.447,.474,170,195,.872,20,161,181,362,59,14,143,146,867
456,Derrick Williams,PF,24,NYK,72,2,1221,214,488,.439,34,130,.262,180,358,.503,.473,180,240,.750,40,215,255,66,27,9,47,62,642
457,Elliot Williams,PG,26,MEM,5,0,45,2,10,.200,1,4,.250,1,6,.167,.250,3,4,.750,1,3,4,4,0,0,1,2,8
458,Lou Williams,SG,29,LAL,64,35,1852,276,673,.410,105,302,.348,171,371,.461,.488,333,401,.830,31,135,166,166,61,19,102,104,990
459,Marvin Williams,PF,29,CHO,72,72,2096,296,659,.449,135,336,.402,161,323,.498,.552,103,123,.837,111,367,478,96,49,72,55,116,830
460,Mo Williams,PG,33,CLE,36,14,704,125,284,.440,31,92,.337,94,192,.490,.495,38,42,.905,6,62,68,95,12,5,54,58,319
Rk,Player,Pos,Age,Tm,G,GS,MP,FG,FGA,FG%,3P,3PA,3P%,2P,2PA,2P%,eFG%,FT,FTA,FT%,ORB,DRB,TRB,AST,STL,BLK,TOV,PF,PTS
461,Justise Winslow,SF,19,MIA,69,8,1987,172,400,.430,27,106,.255,145,294,.493,.464,71,105,.676,69,290,359,108,61,25,89,165,442
462,Jeff Withey,C,25,UTA,45,9,602,79,148,.534,0,2,.000,79,146,.541,.534,41,56,.732,52,105,157,19,20,50,27,68,199
463,Christian Wood,PF,20,PHI,14,0,114,19,43,.442,4,9,.444,15,34,.441,.488,9,13,.692,10,22,32,3,5,5,2,9,51
464,Metta World Peace,SF,36,LAL,30,5,503,42,147,.286,19,70,.271,23,77,.299,.350,31,45,.689,18,58,76,24,20,10,13,59,134
465,Brandan Wright,PF,28,MEM,12,2,212,35,52,.673,0,0,,35,52,.673,.673,13,24,.542,14,29,43,6,5,15,10,21,83
466,Delon Wright,PG,23,TOR,22,0,119,14,40,.350,4,8,.500,10,32,.313,.400,10,16,.625,4,18,22,14,4,0,8,5,42
467,Tony Wroten,PG,22,PHI,8,3,144,22,65,.338,3,17,.176,19,48,.396,.362,20,37,.541,2,19,21,20,3,0,29,11,67
468,James Young,SG,20,BOS,26,0,193,11,36,.306,6,26,.231,5,10,.500,.389,1,4,.250,4,22,26,9,6,1,5,17,29
469,Joseph Young,PG,23,IND,36,0,340,56,146,.384,9,37,.243,47,109,.431,.414,20,25,.800,6,39,45,55,13,0,28,28,141
470,Nick Young,SG,30,LAL,54,2,1033,126,372,.339,77,237,.325,49,135,.363,.442,63,76,.829,14,83,97,34,23,7,30,50,392
471,Thaddeus Young,PF,27,BRK,71,71,2349,476,933,.510,7,30,.233,469,903,.519,.514,105,163,.644,171,472,643,132,108,36,130,179,1064
472,Cody Zeller,C,23,CHO,65,52,1602,208,400,.520,1,10,.100,207,390,.531,.521,158,212,.745,125,280,405,65,46,53,64,191,575
473,Tyler Zeller,C,26,BOS,53,3,622,120,255,.471,0,0,,120,255,.471,.471,74,90,.822,56,105,161,23,10,17,43,89,314